ID,Product Name,Product URL,Page Found
no-id-0,"Toys, Kids & Baby","https://skyshopbd24.com/categories/Toys,%20Kids%20&%20Baby/products",1
no-id-1,Cleaning Supplies,https://skyshopbd24.com/categories/cleaning-supplies/products,1
no-id-2,Living Room,https://skyshopbd24.com/categories/living-room/products,1
no-id-3,Health & Beauty,https://skyshopbd24.com/categories/health-and-beauty/products,1
no-id-4,Home Appliance,https://skyshopbd24.com/categories/home-appliance/products,1
no-id-5,Fashion & Lifestyle,https://skyshopbd24.com/categories/fashion-and-lifestyle/products,1
no-id-6,Men's Health,https://skyshopbd24.com/categories/men%27s-health/products,1
no-id-7,Women's Health,https://skyshopbd24.com/categories/women%27s-health/products,1
no-id-8,Women's Fashion,https://skyshopbd24.com/categories/women%27s-fashion/products,1
no-id-9,Bag,https://skyshopbd24.com/categories/bag/products,1
no-id-10,Kitchen,https://skyshopbd24.com/categories/kitchen/products,1
no-id-11,Polish,https://skyshopbd24.com/categories/Polish/products,1
no-id-12,Furniture Polish,https://skyshopbd24.com/categories/Furniture%20Polish/products,1
no-id-13,Men's Fashion,https://skyshopbd24.com/categories/men%27s-fashion/products,1
no-id-14,Gadget & Electronics,https://skyshopbd24.com/categories/gadget-and-electronics/products,1
no-id-15,Accessories,https://skyshopbd24.com/categories/accessories/products,1
no-id-16,Washroom,https://skyshopbd24.com/categories/washroom/products,1
no-id-17,Watch,https://skyshopbd24.com/categories/watch/products,1
no-id-18,Plastic Restore,https://skyshopbd24.com/categories/Plastic%20Restore/products,1
1003,Belly Drainage Ginger Essential Oil হাফকোর্স - ৬ পিচ,https://skyshopbd24.com/products/Belly%20Drainage%20Ginger%20Essential%20Oil%20%E0%A6%B9%E0%A6%BE%E0%A6%AB%E0%A6%95%E0%A7%8B%E0%A6%B0%E0%A7%8D%E0%A6%B8-%E0%A7%AC-%E0%A6%AA%E0%A6%BF%E0%A6%9A,1
1129,Plastic Restore (4 PCS),https://skyshopbd24.com/products/plastic-restore-4-pcs,1
869,Magic Mazuni,https://skyshopbd24.com/products/Magic%20Mazuni,1
696,3 In 1 Large Capacity Foldable Travel Gym Bag (Black Color),https://skyshopbd24.com/products/3%20In%201%20Large%20Capacity%20Foldable%20Travel%20Gym%20Bag%20%28Black%20Color%29,1
945,Baby Sleeping blanket (Red),https://skyshopbd24.com/products/baby-sleeping-blanket-red,1
833,Electric Head Massager,https://skyshopbd24.com/products/Electric%20Head%20Massager,1
1097,5 Pcs Multifunctional Stainless Steel Protect Fresh Box With Lid,https://skyshopbd24.com/products/5%20Pcs%20Multifunctional%20Stainless%20Steel%20Protect%20Fresh%20Box%20With%20Lid,1
1125,Tripod Holder Vlogging Kits,https://skyshopbd24.com/products/Tripod-Holder-Vlogging-Kits,1
1120,Baby Carry Bag,https://skyshopbd24.com/products/Baby%20Carry%20Bag,1
850,Laptop Bag & College Bag,https://skyshopbd24.com/products/Laptop%20Bag%20&%20College%20Bag,1
837,Magik stick,https://skyshopbd24.com/products/Magik%20stick,1
853,Retro Belt Waist Fashionable Bag (Brown),https://skyshopbd24.com/products/Retro%20Belt%20Waist%20Fashionable%20Bag%20%28Brown%29,1
835,Rechargeable Waterproof Zoom LED Flashlight USB Torch Light,https://skyshopbd24.com/products/Rechargeable%20Waterproof%20Zoom%20LED%20Flashlight%20USB%20Torch%20Light,1
971,Tiles Cleaner,https://skyshopbd24.com/products/tiles-cleaner,1
1014,Jue Fish,https://skyshopbd24.com/products/jue-fish,1
1002,Bubble Cleaner (2Pcs),https://skyshopbd24.com/products/bubble-cleaner-2pcs,1
947,Baby Sleeping blanket (Blue),https://skyshopbd24.com/products/baby-sleeping-blanket-blue,1
1121,Naturya Organic Maca Powder,https://skyshopbd24.com/products/Naturya-Organic-Maca-Powder,1
959,Baby Sleeping blanket yellow,https://skyshopbd24.com/products/baby-sleeping-blanket-yellow,1
846,DarenSport Laptop Bag,https://skyshopbd24.com/products/DarenSport%20Laptop%20Bag,1
1050,Beewax Spray (2PCS),https://skyshopbd24.com/products/beewax-spray-2pcs,1
1084,Capsule Cutter,https://skyshopbd24.com/products/capsule-cutter,1
985,Waterproof Multi- Laptop Backpack (Black Color) Moneybag Free,https://skyshopbd24.com/products/Waterproof%20Multi-%20Laptop%20Backpack%20%28Black%20Color%29%20Moneybag%20Free,1
619,Manual Juicer,https://skyshopbd24.com/products/manual%20juicer,1
1134,360-degree Panoramic IP Camera light,https://skyshopbd24.com/products/360-degree-Panoramic-IP-Camera-light,1
1004,Belly Drainage Ginger Essential Oil হাফকোর্স - ১২ পিচ,https://skyshopbd24.com/products/Belly%20Drainage%20Ginger%20Essential%20Oil%20%E0%A6%B9%E0%A6%BE%E0%A6%AB%E0%A6%95%E0%A7%8B%E0%A6%B0%E0%A7%8D%E0%A6%B8-%E0%A7%A7%E0%A7%A8-%E0%A6%AA%E0%A6%BF%E0%A6%9A,1
1083,Vaccuum Flask Set Drinking Water Bottle,https://skyshopbd24.com/products/vaccuum-flask-set-drinking-water-bottle,1
1136,Car Polish + Car Shampoo,https://skyshopbd24.com/products/Car%20Polish+Car%20Shampoo,1
864,Portable Electric Coffee Grinder,https://skyshopbd24.com/products/Portable%20Electric%20Coffee%20Grinder,1
1030,T800 Ultra Smart Watch (Orange),https://skyshopbd24.com/products/t800-ultra-smart-wathch-orange,1
1130,Plastic Restore (5 PCS),https://skyshopbd24.com/products/plastic-restore-5-pcs,1
851,Retro Belt Waist Fashionable Bag (Black),https://skyshopbd24.com/products/Retro%20Belt%20Waist%20Fashionable%20Bag%20%28Black%29,1
1109,Premium Collagen Slimming Coffee,https://skyshopbd24.com/products/Premium%20Collagen%20Slimming%20Coffee,1
817,Kitchen Cleaner China,https://skyshopbd24.com/products/kitchen-cleaner-china,1
846,DarenSport Laptop Bag,https://skyshopbd24.com/products/DarenSport%20Laptop%20Bag,1
1027,Premium Backpack For Girls (black colour),https://skyshopbd24.com/products/premium-backpack-for-girls-black-colour,1
834,Golden Nozzle Pipe,https://skyshopbd24.com/products/Golden%20Nozzle%20Pipe,1
895,3 In 1 Laptop Backpack Travelling Bag,https://skyshopbd24.com/products/3%20In%201%20Laptop%20Backpack%20Travelling%20Bag,1
854,High Quality Large Capacity Waterproof Anti-theft Fashion Lades Bag (Blue),https://skyshopbd24.com/products/High%20Quality%20Large%20Capacity%20Waterproof%20Anti-theft%20Fashion%20Lades%20Bag%20%28Blue%29,1
872,Waterproof Multi-Functional Laptop Backpack,https://skyshopbd24.com/products/Waterproof%20Multi-Functional%20Laptop%20Backpack,1
1019,Lightweight Baby Carrier,https://skyshopbd24.com/products/Lightweight%20Baby%20Carrier,1
1099,Magic Back Support Five Minutes ADay,https://skyshopbd24.com/products/Magic-Back-Support-Five-Minutes-ADay,1
1134,360-degree Panoramic IP Camera light,https://skyshopbd24.com/products/360-degree-Panoramic-IP-Camera-light,1
1092,Shoe Cleaning Brush Suede Leather Nubuck Shoes Boot Cleaner,https://skyshopbd24.com/products/shoe-cleaning-brush-suede-leather-nubuck-shoes-boot-cleaner,1
677,China Tv Cover,https://skyshopbd24.com/products/china-tv-cover,1
823,Retro Portable Camping Lamp,https://skyshopbd24.com/products/retro-portable-camping-lamp,1
1052,Shoe And Sock Antibacterial Spray,https://skyshopbd24.com/products/Shoe%20And%20Sock%20Antibacterial%20Spray,1
812,Back Posture Corrector Belt,https://skyshopbd24.com/products/Back-Posture-Corrector-Belt,1
697,3 In 1 Large Capacity Foldable Travel Gym Bag (Red Color),https://skyshopbd24.com/products/3%20In%201%20Large%20Capacity%20Foldable%20Travel%20Gym%20Bag%20%28Red%20Color%29,1
1093,Exclusive Salon Fashion Professional Round Hair Brush,https://skyshopbd24.com/products/exclusive-salon-fashion-professional-round-hair-brush,1
857,High Quality Large Capacity Waterproof Anti-theft Fashion Lades Bag (Merun),https://skyshopbd24.com/products/High%20Quality%20Large%20Capacity%20Waterproof%20Anti-theft%20Fashion%20Lades%20Bag%20%28Merun%29,1
884,Lithium Rechargeable Mini Table Fan with LED Light JY,https://skyshopbd24.com/products/Lithium%20Rechargeable%20Mini%20Table%20Fan%20with%20LED%20Light%20JY,1
992,Travel Bag | Gym Bag | Carry Shoe | V10,https://skyshopbd24.com/products/Travel%20Bag%20|%20Gym%20Bag%20|%20Carry%20Shoe%20|%20V10,1
587,Router Stand (2-Leyar),https://skyshopbd24.com/products/Router%20Stand%20%282-Leyar%29,1
971,Tiles Cleaner,https://skyshopbd24.com/products/tiles-cleaner,1
869,Magic Mazuni,https://skyshopbd24.com/products/Magic%20Mazuni,1
1116,Original Keto Green Coffee weight loss,https://skyshopbd24.com/products/Original-Keto-Green-Coffee-weight-loss,1
1127,Lithium Rechargeable Mini Table Fan with LED Light JY-1880,https://skyshopbd24.com/products/lithium-rechargeable-mini-table-fan-with-led-light-jy-1880,1
1120,Baby Carry Bag,https://skyshopbd24.com/products/Baby%20Carry%20Bag,1
989,3 In 1 Large Capacity Foldable Travel Bag (black),https://skyshopbd24.com/products/3-in-1-large-capacity-foldable-travel-bag-black,1
536,Mini Dry Iron With Spray,https://skyshopbd24.com/products/mini-dry-iron-with-spray,1
1137,Beewax  ১০ টা পলিশ ১৩৯০ টাকা সাথে ২ টা ফ্রী,https://skyshopbd24.com/products/beewax-10-pc,1
1070,INSTANT GEYSER HTEC,https://skyshopbd24.com/products/INSTANT%20GEYSER%20HTEC,1
995,Laptop Bag Office Documents Storage Bag Travel (Gray),https://skyshopbd24.com/products/Laptop%20Bag%20Office%20Documents%20Storage%20Bag%20Travel%20%28Gray%29,1
1105,Folding Fan,https://skyshopbd24.com/products/folding-fan,1
842,Seat Right Back Support,https://skyshopbd24.com/products/Seat%20Right%20Back%20Support,1
1101,360 Rotating Cosmetic Organizer,https://skyshopbd24.com/products/360-rotating-cosmetic-organizer,1
991,3 In 1 Large Capacity Foldable Travel Bag pink,https://skyshopbd24.com/products/3-in-1-large-capacity-foldable-travel-bag-pink,1
870,Mosquito Coil Holder,https://skyshopbd24.com/products/Mosquito%20Coil%20Holder,1
985,Waterproof Multi- Laptop Backpack (Black Color) Moneybag Free,https://skyshopbd24.com/products/Waterproof%20Multi-%20Laptop%20Backpack%20%28Black%20Color%29%20Moneybag%20Free,1
815,Powerful Stain Removal,https://skyshopbd24.com/products/powerful-stain-removal,1
947,Baby Sleeping blanket (Blue),https://skyshopbd24.com/products/baby-sleeping-blanket-blue,1
855,High Quality Large Capacity Waterproof Anti-theft Fashion Lades Bag (Purple),https://skyshopbd24.com/products/High%20Quality%20Large%20Capacity%20Waterproof%20Anti-theft%20Fashion%20Lades%20Bag%20%28Purple%29,1
1028,Premium Backpack For Girls (copy colour),https://skyshopbd24.com/products/premium-backpack-for-girls-copy-colour,1
1041,Passport Cover,https://skyshopbd24.com/products/passport-covar,1
1071,Instant hot water shower,https://skyshopbd24.com/products/Instant%20hot%20water%20shower,1
1003,Belly Drainage Ginger Essential Oil হাফকোর্স - ৬ পিচ,https://skyshopbd24.com/products/Belly%20Drainage%20Ginger%20Essential%20Oil%20%E0%A6%B9%E0%A6%BE%E0%A6%AB%E0%A6%95%E0%A7%8B%E0%A6%B0%E0%A7%8D%E0%A6%B8-%E0%A7%AC-%E0%A6%AA%E0%A6%BF%E0%A6%9A,1
1080,4 in 1 Electric Sewing Machine,https://skyshopbd24.com/products/4-in-1-electric-sewing-machine,1
1023,Women's Handbag Solid ( black colour ),https://skyshopbd24.com/products/women%27s-handbag-solid-black-colour-,1
526,Miss Belt Body Shaper,https://skyshopbd24.com/products/miss-belt-body-shaper,1
894,Fishing Cage Basket Plastic (6 Hole),https://skyshopbd24.com/products/Fishing%20Cage%20Basket%20Plastic%20%286%20Hole%29,1
923,4pcs phone charging bracket wall mounted holder,https://skyshopbd24.com/products/4pcs-phone-charging-bracket-wall-mounted-holder,1
588,Roller Washing Machine Refrigerator Base Reinforced Retractable Movable Rack with Wheels Kitchen Fridge Base,https://skyshopbd24.com/products/Roller-Washing-Machine-Refrigerator-Base-Reinforced-Retractable-Movable-Rack-%20with-Wheels-Kitchen-Fridge-Base,1
1049,Beewax Spray (1PCS),https://skyshopbd24.com/products/beewax-spray-1-PCS,1
911,Instant water heater tap DIJITAL,https://skyshopbd24.com/products/instant-water-heater-tap-dijital,1
1010,Hemorrhoids Piles Treatment (3 PSC),https://skyshopbd24.com/products/Hemorrhoids%20Piles%20Treatment%20%283%20PSC%29,1
1141,Beewax ৪ টা পলিশ ৫৪০ টাকা।,https://skyshopbd24.com/products/beewax-4-pc,1
1081,Bubble Cleaner (1Pcs),https://skyshopbd24.com/products/bubble-cleaner-1pcs,1
999,Drainage Slimming Ginger Oil + Miss Belt,https://skyshopbd24.com/products/drainage-slimming-ginger-oil-miss-belt,1
635,Original Smart Electric Grinder Machine,https://skyshopbd24.com/products/original-smart-electric-grinder-machine,1
852,Retro Belt Waist Fashionable Bag (Blue),https://skyshopbd24.com/products/Retro%20Belt%20Waist%20Fashionable%20Bag%20%28Blue%29,1
1085,LED Mushroom Light,https://skyshopbd24.com/products/led-mushroom-light,1
1020,Blackhead Remover Machine,https://skyshopbd24.com/products/Blackhead%20Remover%20Machine,1
876,2 in 1 Flawless Eyebrow Hair Remover Stylish & Fashionable Rechargeable Facial Hair Trimmer for Women Painless,https://skyshopbd24.com/products/2%20in%201%20Flawless%20Eyebrow%20Hair%20Remover%20Stylish%20&%20Fashionable%20Rechargeable%20Facial%20Hair%20Trimmer%20for%20Women%20Painless,1
917,3 layer Router Stand,https://skyshopbd24.com/products/3-layer-router-stand,1
1087,Electric hot water bag,https://skyshopbd24.com/products/electric-hot-water-bag,1
1133,Mini vedio camera,https://skyshopbd24.com/products/Mini-vedio-camera,1
1026,Premium Backpack For Girls (Peach Pink),https://skyshopbd24.com/products/premium-backpack-for-girls-peach-pink,1
462,Nima 2 in 1 Blender,https://skyshopbd24.com/products/nima-2-in-1-blender,1
1097,5 Pcs Multifunctional Stainless Steel Protect Fresh Box With Lid,https://skyshopbd24.com/products/5%20Pcs%20Multifunctional%20Stainless%20Steel%20Protect%20Fresh%20Box%20With%20Lid,1
811,ADJUSTABLE POSTURE ব্যাক সাপোর্ট (UNISEX),https://skyshopbd24.com/products/ADJUSTABLE%20POSTURE%20%E0%A6%AC%E0%A7%8D%E0%A6%AF%E0%A6%BE%E0%A6%95%20%E0%A6%B8%E0%A6%BE%E0%A6%AA%E0%A7%8B%E0%A6%B0%E0%A7%8D%E0%A6%9F%20%28UNISEX%29,1
959,Baby Sleeping blanket yellow,https://skyshopbd24.com/products/baby-sleeping-blanket-yellow,1
464,Electric Doi (Yogurt) Maker,https://skyshopbd24.com/products/Electric-Doi-Yogurt-Maker,1
1077,Nose Cleaner Sniffing Equipment for Children,https://skyshopbd24.com/products/nose-cleaner-sniffing-equipment-for-children,1
1036,Anti Cellulite Massage Oil,https://skyshopbd24.com/products/anti-cellulite-massage-oil,1
853,Retro Belt Waist Fashionable Bag (Brown),https://skyshopbd24.com/products/Retro%20Belt%20Waist%20Fashionable%20Bag%20%28Brown%29,1
1131,Hand Grip Dumb Bells,https://skyshopbd24.com/products/Hand-Grip-Dumb-Bells,1
1018,Lightweight Baby Carrier (2 PCS),https://skyshopbd24.com/products/Lightweight%20Baby%20Carrier%20%282%20PCS%29,1
1138,Beewax ৮ টা পলিশ ১১৯০ টাকা সাথে ২ টা ফ্রী।,https://skyshopbd24.com/products/beewax-8-pc,1
477,5-Layer Multifunctional Rotating Kitchen Storage Rack,https://skyshopbd24.com/products/5-Layer%20Multifunctional%20Rotating%20Kitchen%20Storage%20Rack,1
843,Electric Foot Massager,https://skyshopbd24.com/products/Electric%20Foot%20Massager,1
1115,Hair Straight Comb,https://skyshopbd24.com/products/Hair-Straight-Comb,1
946,Baby Sleeping blanket (Brown),https://skyshopbd24.com/products/baby-sleeping-blanket-brown,1
960,Cute Baby Blanket ( Made In China ) Brown,https://skyshopbd24.com/products/cute-baby-blanket-made-in-china-brown,1
489,Magic Silicon Hand Gloves,https://skyshopbd24.com/products/Magic-Silicon-Hand-Gloves,1
1113,Lemon Juice Suppliment Weight Loss Lemon Juice 120g,https://skyshopbd24.com/products/Lemon%20Juice%20Suppliment%20Weight%20Loss%20Lemon%20Juice%20120g,1
942,6 Sets of Ear Picking Tools,https://skyshopbd24.com/products/6-sets-of-ear-picking-tools,1
882,Portable Mini Water Air Cooler Table Fan,https://skyshopbd24.com/products/Portable%20Mini%20Water%20Air%20Cooler%20Table%20Fan,1
1119,Vaccuum Flask Set Drinking Water Bottle (Black),https://skyshopbd24.com/products/vaccuum-flask-set-drinking-water-bottle-black,1
1098,Roller Washing Machine Refrigerator Base Reinforced Retractable Movable Rack with Wheels Kitchen Fridge Base,https://skyshopbd24.com/products/Roller%20Washing%20Machine%20Refrigerator%20Base%20Reinforced%20Retractable%20Movable%20Rack%20with%20Wheels%20Kitchen%20Fridge%20Base,1
1074,Balaclava Windproof Full Face Mask (Silver),https://skyshopbd24.com/products/Balaclava%20Windproof%20Full%20Face%20Mask%20%28Silver%29,1
943,Foam Cleaner,https://skyshopbd24.com/products/foam-cleaner,1
885,Weight Gain Badam Shake For Healthy,https://skyshopbd24.com/products/Weight%20Gain%20Badam%20Shake%20For%20Healthy,1
695,3 In 1 Large Capacity Foldable Travel Gym Bag (Deep Purple),https://skyshopbd24.com/products/3%20In%201%20Large%20Capacity%20Foldable%20Travel%20Gym%20Bag%20%28Deep%20Purple%29,1
845,Laptop Bag & Tavel bag,https://skyshopbd24.com/products/Laptop%20Bag%20&%20Tavel%20bag,1
1135,Decontamination Cleaner,https://skyshopbd24.com/products/Decontamination-Cleaner1,1
1014,Jue Fish,https://skyshopbd24.com/products/jue-fish,1
832,New Router Stand (2-Leyar),https://skyshopbd24.com/products/New%20Router%20Stand%20%282-Leyar%29,1
1123,Toly Baby Baunchar,https://skyshopbd24.com/products/Toly-Baby-Baunchar,1
901,Baby Sleeping blanket,https://skyshopbd24.com/products/baby-sleeping-blanket,1
996,Electric EMS Body Massager Mat/Pad - Neck & Back Therapy,https://skyshopbd24.com/products/Electric%20EMS%20Body%20Massager%20Mat/Pad%20-%20Neck%20&%20Back%20Therapy,1
1001,Miss belt 1 + Ginger Oil 3,https://skyshopbd24.com/products/miss-belt-1-ginger-oil-3,1
813,Posture Corrector Shoulder Brace Back Support Belt adjustable,https://skyshopbd24.com/products/Posture%20Corrector%20Shoulder%20Brace%20Back%20Support%20Belt%20adjustable,1
861,Hemorrhoids Piles Treatment,https://skyshopbd24.com/products/Dictamni%20Hemorrhoids%20Herbal%20Cream,1
830,Kids Study Reading Table (Pink),https://skyshopbd24.com/products/Kids%20Study%20Reading%20Table%20%28Pink%29,1
1078,Arc Shaped Garlic Press Crusher With Comfortable Grip,https://skyshopbd24.com/products/arc-shaped-garlic-press-crusher-with-comfortable-grip,1
840,T800 Ultra Smart Watch (Orange),https://skyshopbd24.com/products/T800%20Ultra%20Smart%20Watch%20%28Orange%29,1
816,Stone Cleaner,https://skyshopbd24.com/products/stone-cleanar,1
822,Getsun Multi Purpose Foam Cleaner,https://skyshopbd24.com/products/getsun-multi-purpose-foam-cleaner,1
871,Black Jeep Wallet Long For Men - Wallet,https://skyshopbd24.com/products/Black%20Jeep%20Wallet%20Long%20For%20Men%20-%20Wallet,1
848,Original Men Anti-Theft Waterproof Crossbody Bag (Black),https://skyshopbd24.com/products/Original%20Men%20Anti-Theft%20Waterproof%20Crossbody%20Bag%20%28Black%29,1
1050,Beewax Spray (2PCS),https://skyshopbd24.com/products/beewax-spray-2pcs,1
963,Multi-Purpose Foam Cleaner,https://skyshopbd24.com/products/multi-purpose-foam-cleaner,1
1076,Security Alarm Lock - Black,https://skyshopbd24.com/products/security-alarm-lock-black,1
659,Vaccuum Flask Set Drinking Water Bottle,https://skyshopbd24.com/products/Vaccuum%20Flask%20Set%20Drinking%20Water%20Bottle,1
859,5 in 1 Beauty Massager,https://skyshopbd24.com/products/5%20in%201%20Beauty%20Massager,1
1114,Ibaby with Music Infant to Toddler Rocker,https://skyshopbd24.com/products/Ibaby%20with%20Music%20Infant%20to%20Toddler%20Rocker,1
819,Plastic Restore (1 PCS),https://skyshopbd24.com/products/plastic-restore-1-pcs,1
655,Electric EMS Body Massager Mat/Pad - Neck & Back Therapy,https://skyshopbd24.com/products/Electric%20EMS%20Body%20Massager%20Mat%20Pad%20-%20Neck%20&%20Back%20Therapy,1
1043,Leather Wallet for Men - Black,https://skyshopbd24.com/products/Leather%20Wallet%20for%20Men%20-%20Black,1
1122,Portable Electric Coffee Grinder (750w),https://skyshopbd24.com/products/Portable-Electric-Coffee-Grinder-%28750w%29,1
1009,Achill Remover,https://skyshopbd24.com/products/achill-remover,1
1139,Beewax ৬ টা পলিশ ৯৯০ টাকা সাথে ২ টা ফ্রী।,https://skyshopbd24.com/products/beewax-6-pc,1
1121,Naturya Organic Maca Powder,https://skyshopbd24.com/products/Naturya-Organic-Maca-Powder,1
1124,Acupuncture Foot Massager,https://skyshopbd24.com/products/Acupuncture-Foot-Massager,1
1117,Nutrition Milk Natural Weight Gain Formula,https://skyshopbd24.com/products/Nutrition-Milk-Natural-Weight-Gain-Formula,1
1126,PrevNext Digital Blood Pressure Monitor,https://skyshopbd24.com/products/PrevNext-Digital-Blood-Pressure-Monitor,1
1140,Beewax ৫ টা পলিশ ৭৪০ টাকা সাথে ১ টা ফ্রী,https://skyshopbd24.com/products/beewax-5-pc,1
1118,"25 Pcs Mulifunctional Sunshade ""Net Fixing Clip""",https://skyshopbd24.com/products/25-Pcs-Mulifunctional-Sunshade-Net-Fixing-Clip,1
879,Kinoki Cleansing Detox Foot Pad,https://skyshopbd24.com/products/Kinoki%20Cleansing%20Detox%20Foot%20Pad,1
836,Wanhengda Pedi Electronic Finishing Touch Tool and Callus Remover,https://skyshopbd24.com/products/Wanhengda%20Pedi%20Electronic%20Finishing%20Touch%20Tool%20and%20Callus%20Remover,1
1102,Stainless Steel Teapot,https://skyshopbd24.com/products/stainless-steel-teapot,1
1072,Balaclava Windproof Full Face Mask Hudi (Brown),https://skyshopbd24.com/products/Balaclava%20Windproof%20Full%20Face%20Mask%20Hudi%20%28Brown%29,1
696,3 In 1 Large Capacity Foldable Travel Gym Bag (Black Color),https://skyshopbd24.com/products/3%20In%201%20Large%20Capacity%20Foldable%20Travel%20Gym%20Bag%20%28Black%20Color%29,1
1073,Balaclava Windproof Full Face Mask (Black),https://skyshopbd24.com/products/Balaclava%20Windproof%20Full%20Face%20Mask%20%28Black%29,1
579,Original Men Anti-theft Waterproof Crossbody Bag,https://skyshopbd24.com/products/original-men-anti-theft-waterproof-crossbody-bag,1
1125,Tripod Holder Vlogging Kits,https://skyshopbd24.com/products/Tripod-Holder-Vlogging-Kits,1
863,Recharging Drinking Water Pump,https://skyshopbd24.com/products/Recharging%20Drinking%20Water%20Pump,1
1084,Capsule Cutter,https://skyshopbd24.com/products/capsule-cutter,1
892,Fishing Liquid (CHINA),https://skyshopbd24.com/products/Fishing%20Liquid%20%28CHINA%29,1
694,3 In 1 Large Capacity Foldable Travel Gym Bag (Blue Color),https://skyshopbd24.com/products/3%20In%201%20Large%20Capacity%20Foldable%20Travel%20Gym%20Bag%20%28Blue%20Color%29,1
867,Electric Mini Juicer,https://skyshopbd24.com/products/Electric%20Mini%20Juicer,1
1002,Bubble Cleaner (2Pcs),https://skyshopbd24.com/products/bubble-cleaner-2pcs,1
928,2 In 1 Car Anti Glare Day And Night Sun visor Mirrors,https://skyshopbd24.com/products/2-in-1-car-anti-glare-day-and-night-sun-visor-mirrors,1
693,3 In 1 Large Capacity Foldable Travel Gym Bag (Light Purple Color),https://skyshopbd24.com/products/3%20In%201%20Large%20Capacity%20Foldable%20Travel%20Gym%20Bag%20%28Light%20Purple%20Color%29,1
1090,"Furniture Easy Moving Tool Set, Heavy Furniture Moving & Lifting System",https://skyshopbd24.com/products/furniture-easy-moving-tool-set-heavy-furniture-moving-and-lifting-system,1
398,"Children's Study Table Baby Snack Table Storage Box, Writing Plastic Table (Blue)","https://skyshopbd24.com/products/Children%27s%20Study%20Table%20Baby%20Snack%20Table%20Storage%20Box,%20Writing%20Plastic%20Table%20%28Blue%29",1
833,Electric Head Massager,https://skyshopbd24.com/products/Electric%20Head%20Massager,1
858,Adjustable Knee Brace,https://skyshopbd24.com/products/Adjustable%20Knee%20Brace,1
484,Kitchen Foam Cleaner,https://skyshopbd24.com/products/Kitchen-Foam-Cleaner,1
1013,Posture Pro Fix,https://skyshopbd24.com/products/posture-pro-fix,1
887,Fishing Liquid (1 Pcs),https://skyshopbd24.com/products/Fishing%20Liquid,1
835,Rechargeable Waterproof Zoom LED Flashlight USB Torch Light,https://skyshopbd24.com/products/Rechargeable%20Waterproof%20Zoom%20LED%20Flashlight%20USB%20Torch%20Light,1
958,Cute Baby Blanket ( Made In China ),https://skyshopbd24.com/products/cute-baby-blanket-made-in-china-,1
657,Instant hot water shower,https://skyshopbd24.com/products/Instant-hot-water-shower,1
1075,Plantar X Wrap - Ankle Support,https://skyshopbd24.com/products/Plantar%20X%20Wrap%20-%20Ankle%20Support,1
676,Kitchen Magic Silicon Hand Gloves,https://skyshopbd24.com/products/kitchen-magic-silicon-hand-gloves,1
873,Mini Massager Rechargeable Deep Tissue Therapy SL-720,https://skyshopbd24.com/products/Mini%20Massager%20Rechargeable%20Deep%20Tissue%20Therapy%20SL-720,1
1142,Beewax ৩ টা পলিশ ৪৩০ টাকা।,https://skyshopbd24.com/products/beewax-3-pc,1
1104,Brava Spring Slicer Vegetables Fruits Cutter,https://skyshopbd24.com/products/brava-spring-slicer-vegetables-fruits-cutter,1
862,Sweat Slim Belt Plus,https://skyshopbd24.com/products/Sweat%20Slim%20Belt%20Plus,1
837,Magik stick,https://skyshopbd24.com/products/Magik%20stick,1
619,Manual Juicer,https://skyshopbd24.com/products/manual%20juicer,1
820,Plastic Restore (2 PCS),https://skyshopbd24.com/products/plastic-restore-2-pcs,1
974,EMS Foot Massager Mat Electric Massage,https://skyshopbd24.com/products/ems-foot-massager-mat-electric-massage,1
898,Pain Relif,https://skyshopbd24.com/products/pain-relif,1
838,Plastic Rechargeable LED 3W Torch,https://skyshopbd24.com/products/Plastic%20Rechargeable%20LED%203W%20Torch,1
1040,Foam Spray 750 ml,https://skyshopbd24.com/products/foam-spray-750-ml,1
902,Multifunctional Rotate Vegetable Slicer with Basket,https://skyshopbd24.com/products/multifunctional-rotate-vegetable-slicer-with-basket,1
868,Portable USB Juicer Blender,https://skyshopbd24.com/products/Portable%20USB%20Juicer%20Blender,1
1091,Hand Made Real Saffron Goat Milk Bar Soap,https://skyshopbd24.com/products/hand-made-real-saffron-goat-milk-bar-soap,1
1064,Children’s Dining Chair With Plate Baby,https://skyshopbd24.com/products/children%E2%80%99s-dining-chair-with-plate-baby,1
940,"Children's Study Table Baby Snack Table Storage Box, Writing Plastic Table (Green)","https://skyshopbd24.com/products/Children%27s%20Study%20Table%20Baby%20Snack%20Table%20Storage%20Box,%20Writing%20Plastic%20Table%20%28Green%29",1
1132,3D Massage Roller,https://skyshopbd24.com/products/3d-massage-roller,1
1129,Plastic Restore (4 PCS),https://skyshopbd24.com/products/plastic-restore-4-pcs,1
956,Multi-Purpose Cleaner,https://skyshopbd24.com/products/Multi-Purpose-Cleaner,1
809,Elegant Butterfly Gold Watch,https://skyshopbd24.com/products/elegant-butterfly-gold-watch,1
849,Arctic Hunter Laptop Bag & College Bag,https://skyshopbd24.com/products/Arctic%20Hunter%20Laptop%20Bag%20&%20College%20Bag,1
955,Baby Sleeping blanket (s),https://skyshopbd24.com/products/baby-sleeping-blanket-s,1
986,Travel Bag | Gym Bag | Carry Shoe | V10 (New 4in1 Bag),https://skyshopbd24.com/products/Travel%20Bag%20|%20Gym%20Bag%20|%20Carry%20Shoe%20|%20V10%20%28New%204in1%20Bag%29,1
905,HIGH PRESSURE CAR WASHING SPRAY GARDEN WATERING FLOWERS AND VEGETABLES SPRAYER,https://skyshopbd24.com/products/HIGH%20PRESSURE%20CAR%20WASHING%20SPRAY%20GARDEN%20WATERING%20FLOWERS%20AND%20VEGETABLES%20SPRAYER,1
964,Instant water heater tap and hand shower,https://skyshopbd24.com/products/instant-water-heater-tap-and-hand-shower,1
847,Digital Electric Blood Pressure Machine,https://skyshopbd24.com/products/Digital%20Electric%20Blood%20Pressure%20Machine,1
990,3 In 1 Large Capacity Foldable Travel Bag,https://skyshopbd24.com/products/3-in-1-large-capacity-foldable-travel-bag,1
945,Baby Sleeping blanket (Red),https://skyshopbd24.com/products/baby-sleeping-blanket-red,1
1051,Shoe And Sock Antibacterial Spray (2 PCS),https://skyshopbd24.com/products/Shoe%20And%20Sock%20Antibacterial%20Spray%202%20pcs,1
850,Laptop Bag & College Bag,https://skyshopbd24.com/products/Laptop%20Bag%20&%20College%20Bag,1
998,Belly Drainage Ginger Essential Oil (3pc),https://skyshopbd24.com/products/Belly%20Drainage%20Ginger%20Essential%20Oil%20%283pc%29,1
865,New Bathroom Corner Shelf Suction Rack Organizer Cup Storage Shower Wall Basket,https://skyshopbd24.com/products/New%20Bathroom%20Corner%20Shelf%20Suction%20Rack%20Organizer%20Cup%20Storage%20Shower%20Wall%20Basket,1
961,Cute Baby Blanket (China),https://skyshopbd24.com/products/cute-baby-blanket-china,1
1016,Mini Juicer,https://skyshopbd24.com/products/Mini%20Juicer,1
1128,Plastic Restore (3 PCS),https://skyshopbd24.com/products/plastic-restore-3-pcs,1
874,Vortex USB Mosquito Lamp Physical Silent Mosquito Killer - White,https://skyshopbd24.com/products/Vortex%20USB%20Mosquito%20Lamp%20Physical%20Silent%20Mosquito%20Killer%20-%20White,1
856,High Quality Large Capacity Waterproof Anti-theft Fashion Lades Bag (Black),https://skyshopbd24.com/products/High%20Quality%20Large%20Capacity%20Waterproof%20Anti-theft%20Fashion%20Lades%20Bag%20%28Black%29,1
988,Jewelry Cleaning Spray,https://skyshopbd24.com/products/jewelry-cleaning-spray,1
1082,Belly Drainage Ginger Essential Oil,https://skyshopbd24.com/products/belly-drainage-ginger-essential-oil,1
